nom_hotel,url,marque
PREMIERE CLASSE BORDEAUX OUEST - Eysines,https://www.tripadvisor.fr/Hotel_Review-g662282-d671745-Reviews-Premiere_Classe_Bordeaux_Ouest_Eysines-Eysines_Bordeaux_Gironde_Nouvelle_Aquitaine.html,PREMIERE CLASSE
PREMIERE CLASSE BORDEAUX SUD - Pessac Becquerel,https://www.tripadvisor.fr/Hotel_Review-g196515-d650641-Reviews-Premiere_Classe_Bordeaux_Sud_Pessac_Becquerel-Pessac_Bordeaux_Gironde_Nouvelle_Aquitain.html,PREMIERE CLASSE
PREMIERE CLASSE ROANNE - Perreux,https://www.tripadvisor.fr/Hotel_Review-g1056034-d1055479-Reviews-Premiere_Classe_Roanne_Perreux-Perreux_Roanne_Loire_Auvergne_Rhone_Alpes.html,PREMIERE CLASSE
CAMPANILE EPONE,https://www.tripadvisor.fr/Hotel_Review-g661470-d487792-Reviews-Campanile_Epone-Epone_Yvelines_Ile_de_France.html,CAMPANILE
CAMPANILE ARGENTEUIL,https://www.tripadvisor.fr/Hotel_Review-g196557-d287144-Reviews-Campanile_Argenteuil-Argenteuil_Val_d_Oise_Ile_de_France.html,CAMPANILE
CAMPANILE PARIS SUD - Porte d'Orléans - Arcueil,https://www.tripadvisor.fr/Hotel_Review-g661449-d487806-Reviews-Campanile_Paris_Sud_Porte_D_Orleans_Arcueil-Arcueil_Val_de_Marne_Ile_de_France.html,CAMPANILE
CAMPANILE COMPIEGNE,https://www.tripadvisor.fr/Hotel_Review-g196562-d481757-Reviews-Campanile_Compiegne-Compiegne_City_Compiegne_Oise_Hauts_de_France.html,CAMPANILE
CAMPANILE VIRE,https://www.tripadvisor.fr/Hotel_Review-g196648-d287061-Reviews-Hotel_Campanile_Vire-Vire_Normandie_Calvados_Basse_Normandie_Normandy.html,CAMPANILE
CAMPANILE DUNKERQUE EST - Armbouts Cappel,https://www.tripadvisor.fr/Hotel_Review-g661450-d488201-Reviews-Campanile_Dunkerque_Est_Armbouts_Cappel-Armbouts_Cappel_Nord_Hauts_de_France.html,CAMPANILE
CAMPANILE BORDEAUX EST - Artigues,https://www.tripadvisor.fr/Hotel_Review-g661224-d488530-Reviews-Campanile_Bordeaux_Est_Artigues-Artigues_pres_Bordeaux_Bordeaux_Gironde_Nouvelle_Aquita.html,CAMPANILE
CAMPANILE BESANCON OUEST - Chateaufarine,https://www.tripadvisor.fr/Hotel_Review-g187143-d482484-Reviews-Campanile_Besancon_Ouest_Chateaufarine-Besancon_Doubs_Bourgogne_Franche_Comte.html,CAMPANILE
CAMPANILE SAINT BRIEUC - Langueux,https://www.tripadvisor.fr/Hotel_Review-g661488-d488523-Reviews-Campanile_Saint_Brieuc_Langueux-Langueux_Cotes_d_Armor_Brittany.html,CAMPANILE
CAMPANILE SAINTES,https://www.tripadvisor.fr/Hotel_Review-g196669-d287043-Reviews-Campanile_Saintes-Saintes_Charente_Maritime_Nouvelle_Aquitaine.html,CAMPANILE
CAMPANILE BORDEAUX NORD - Le Lac,https://www.tripadvisor.fr/Hotel_Review-g187079-d482410-Reviews-Campanile_Bordeaux_Le_Lac-Bordeaux_Gironde_Nouvelle_Aquitaine.html,CAMPANILE
CAMPANILE BORDEAUX SUD - Gradignan - Talence,https://www.tripadvisor.fr/Hotel_Review-g207337-d287130-Reviews-Campanile_Bordeaux_Sud_Gradignan_Talence-Gradignan_Bordeaux_Gironde_Nouvelle_Aquitaine.html,CAMPANILE
PREMIERE CLASSE SAINT ETIENNE NORD - Villars,https://www.tripadvisor.fr/Hotel_Review-g8290719-d650649-Reviews-Premiere_Classe_Saint_Etienne_Nord_Villars-Villars_Saint_Etienne_Loire_Auvergne_Rhone_.html,PREMIERE CLASSE
CAMPANILE BIARRITZ,https://www.tripadvisor.fr/Hotel_Review-g187080-d312971-Reviews-Campanile_Biarritz-Biarritz_Basque_Country_Pyrenees_Atlantiques_Nouvelle_Aquitaine.html,CAMPANILE
CAMPANILE CAHORS,https://www.tripadvisor.fr/Hotel_Review-g187168-d287191-Reviews-Campanile_Cahors-Cahors_Lot_Occitanie.html,CAMPANILE
CAMPANILE AURILLAC,https://www.tripadvisor.fr/Hotel_Review-g229457-d287120-Reviews-Hotel_et_Restaurant_Campanile_Aurillac-Aurillac_Cantal_Auvergne_Rhone_Alpes.html,CAMPANILE
CAMPANILE CHANAS,https://www.tripadvisor.fr/Hotel_Review-g1080935-d609196-Reviews-Campanile_Chanas-Chanas_Isere_Auvergne_Rhone_Alpes.html,CAMPANILE
KYRIAD SANNOIS - Ermont,https://www.tripadvisor.fr/Hotel_Review-g661715-d487791-Reviews-Hotel_Kyriad_Sannois_Ermont-Sannois_Val_d_Oise_Ile_de_France.html,KYRIAD
PREMIERE CLASSE LILLE NORD - Roncq,https://www.tripadvisor.fr/Hotel_Review-g651733-d644584-Reviews-Hotel_Premiere_Classe_Lille_Nord_Roncq-Roncq_Nord_Hauts_de_France.html,PREMIERE CLASSE
PREMIERE CLASSE VALENCIENNES SUD - Rouvignies,https://www.tripadvisor.fr/Hotel_Review-g1946989-d488879-Reviews-Premiere_Classe_Valenciennes_Sud_Rouvignies-Rouvignies_Nord_Hauts_de_France.html,PREMIERE CLASSE
CAMPANILE SAINT GERMAIN EN LAYE,https://www.tripadvisor.fr/Hotel_Review-g196590-d287165-Reviews-Campanile_Saint_Germain_En_Laye-Saint_Germain_en_Laye_Yvelines_Ile_de_France.html,CAMPANILE
CAMPANILE MARNE LA VALLEE - TORCY,https://www.tripadvisor.fr/Hotel_Review-g651715-d549562-Reviews-Hotel_Campanile_Marne_La_Vallee_Torcy-Torcy_Marne_la_Vallee_Seine_et_Marne_Ile_de_Franc.html,CAMPANILE
CAMPANILE MARNE LA VALLEE - Chelles,https://www.tripadvisor.fr/Hotel_Review-g196561-d483698-Reviews-Campanile_Marne_la_Vallee_Chelles-Chelles_Seine_et_Marne_Ile_de_France.html,CAMPANILE
CAMPANILE DIJON SUD - Marsannay,https://www.tripadvisor.fr/Hotel_Review-g661496-d488079-Reviews-Campanile_Dijon_Sud_Marsannay-Marsannay_la_Cote_Cote_d_Or_Bourgogne_Franche_Comte.html,CAMPANILE
CAMPANILE VALENCIENNES OUEST - Petite Forêt,https://www.tripadvisor.fr/Hotel_Review-g661703-d488205-Reviews-Campanile_Valenciennes_Ouest_Petite_Foret-Petite_Foret_Nord_Hauts_de_France.html,CAMPANILE
CAMPANILE LILLE OUEST - Lomme,https://www.tripadvisor.fr/Hotel_Review-g656507-d488213-Reviews-Campanile_Lille_Ouest_Lomme-Lomme_Lille_Nord_Hauts_de_France.html,CAMPANILE
CAMPANILE DINAN - Taden,https://www.tripadvisor.fr/Hotel_Review-g661759-d488527-Reviews-Brit_Hotel_Dinan_Taden-Taden_Cotes_d_Armor_Brittany.html,CAMPANILE
CAMPANILE MONT DE MARSAN,https://www.tripadvisor.fr/Hotel_Review-g196513-d287126-Reviews-Campanile_Mont_De_Marsan-Mont_de_Marsan_Landes_Nouvelle_Aquitaine.html,CAMPANILE
CAMPANILE CLERMONT FERRAND NORD - Riom,https://www.tripadvisor.fr/Hotel_Review-g651701-d488540-Reviews-Campanile_Clermont_Ferrand_Nord_Riom-Riom_Puy_de_Dome_Auvergne_Rhone_Alpes.html,CAMPANILE
CAMPANILE AIX EN PROVENCE SUD - Pont de l'Arc,https://www.tripadvisor.fr/Hotel_Review-g187209-d287042-Reviews-Campanile_Hotel_Aix_En_Provence_Sud_Pont_De_L_arc-Aix_en_Provence_Bouches_du_Rhone_Prov.html,CAMPANILE
CAMPANILE PARIS - Clichy Centre,https://www.tripadvisor.fr/Hotel_Review-g608772-d14196263-Reviews-Campanile_Paris_Clichy_Centre-Clichy_Hauts_de_Seine_Ile_de_France.html,CAMPANILE
KYRIAD AIX LES MILLES - Plan de Campagne,https://www.tripadvisor.fr/Hotel_Review-g616119-d1841232-Reviews-Kyriad_Aix_Les_Milles_Plan_de_Campagne-Bouc_Bel_Air_Bouches_du_Rhone_Provence_Alpes_Co.html,KYRIAD
KYRIAD DIRECT HAGUENAU,https://www.tripadvisor.fr/Hotel_Review-g207336-d287137-Reviews-Kyriad_Direct_Haguenau-Haguenau_Bas_Rhin_Grand_Est.html,KYRIAD DIRECT
PREMIERE CLASSE CHARLEVILLE-MEZIERES,https://www.tripadvisor.fr/Hotel_Review-g661459-d1025196-Reviews-Premiere_Classe_Charleville_Mezieres-Charleville_Mezieres_Ardennes_Grand_Est.html,PREMIERE CLASSE
PREMIERE CLASSE EVREUX,https://www.tripadvisor.fr/Hotel_Review-g226883-d650647-Reviews-Premiere_Classe_Evreux-Evreux_Eure_Haute_Normandie_Normandy.html,PREMIERE CLASSE
PREMIERE CLASSE LILLE NORD - Tourcoing,https://www.tripadvisor.fr/Hotel_Review-g196638-d237924-Reviews-Premiere_Classe_Lille_Nord_Tourcoing-Tourcoing_Nord_Hauts_de_France.html,PREMIERE CLASSE
PREMIERE CLASSE EPINAL,https://www.tripadvisor.fr/Hotel_Review-g196613-d1014410-Reviews-Premiere_Classe_Epinal-Epinal_Vosges_Grand_Est.html,PREMIERE CLASSE
PREMIERE CLASSE NIORT EST - La Crèche,https://www.tripadvisor.fr/Hotel_Review-g661386-d635422-Reviews-Premiere_Classe_Niort_Est_La_Creche_Hotel-La_Creche_Deux_Sevres_Nouvelle_Aquitaine.html,PREMIERE CLASSE
CAMPANILE MARNE LA VALLEE - BUSSY ST GEORGES,https://www.tripadvisor.fr/Hotel_Review-g227611-d20967753-Reviews-Hotel_Campanile_Marne_La_Vallee_Bussy_Saint_Georges-Bussy_St_Georges_Marne_la_Vallee_.html,CAMPANILE
CAMPANILE METZ EST - Technopole,https://www.tripadvisor.fr/Hotel_Review-g187164-d287174-Reviews-Campanile_Metz_Est_Technopole-Metz_Moselle_Grand_Est.html,CAMPANILE
CAMPANILE COLMAR - Parc des Expositions,https://www.tripadvisor.fr/Hotel_Review-g187073-d287139-Reviews-HOTEL_CAMPANILE_COLMAR_Parc_Des_Expositions-Colmar_Haut_Rhin_Grand_Est.html,CAMPANILE
CAMPANILE TOULOUSE NORD - L'union,https://www.tripadvisor.fr/Hotel_Review-g661248-d488535-Reviews-Hotel_Campanile_Toulouse_Nord_L_Union-L_Union_Haute_Garonne_Occitanie.html,CAMPANILE
CAMPANILE AIX EN PROVENCE EST - Meyreuil,https://www.tripadvisor.fr/Hotel_Review-g661221-d488554-Reviews-Campanile_Aix_En_Provence_Meyreuil-Meyreuil_Aix_en_Provence_Bouches_du_Rhone_Provence_A.html,CAMPANILE
CAMPANILE LYON NORD - Ecully,https://www.tripadvisor.fr/Hotel_Review-g661468-d488601-Reviews-Campanile_Lyon_Nord_Ecully-Ecully_Rhone_Auvergne_Rhone_Alpes.html,CAMPANILE
CAMPANILE LYON EST - Aéroport Saint Exupéry,https://www.tripadvisor.fr/Hotel_Review-g608821-d565685-Reviews-Hotel_Campanile_Lyon_Est_Aeroport_Saint_Exupery-Saint_Laurent_de_Mure_Rhone_Auvergne_Rh.html,CAMPANILE
PREMIERE CLASSE ORLEANS NORD - Saran,https://www.tripadvisor.fr/Hotel_Review-g226854-d644470-Reviews-Hotel_Premiere_Classe_Orleans_Nord_Saran-Saran_Loiret_Centre_Val_de_Loire.html,PREMIERE CLASSE
PREMIERE CLASSE MONTPELLIER SUD - Lattes,https://www.tripadvisor.fr/Hotel_Review-g196606-d651066-Reviews-Premiere_Classe_Montpellier_Sud_Lattes-Lattes_Montpellier_Herault_Occitanie.html,PREMIERE CLASSE
CAMPANILE CERGY PONTOISE,https://www.tripadvisor.fr/Hotel_Review-g196585-d481730-Reviews-Campanile_Cergy_Pontoise-Pontoise_Cergy_Pontoise_Val_d_Oise_Ile_de_France.html,CAMPANILE
CAMPANILE BORDEAUX OUEST - Le Bouscat,https://www.tripadvisor.fr/Hotel_Review-g661216-d488532-Reviews-Campanile_Bordeaux_Ouest_Le_Bouscat-Le_Bouscat_Bordeaux_Gironde_Nouvelle_Aquitaine.html,CAMPANILE
CAMPANILE MOULINS - Avermes,https://www.tripadvisor.fr/Hotel_Review-g196522-d287103-Reviews-Campanile_Moulins_Avermes-Moulins_Allier_Auvergne_Rhone_Alpes.html,CAMPANILE
CAMPANILE NIMES CENTRE - Mas Carbonnel,https://www.tripadvisor.fr/Hotel_Review-g187154-d481749-Reviews-Hotel_Restaurant_Campanile_Nimes_Centre_Mas_Carbonnel-Nimes_Gard_Occitanie.html,CAMPANILE
PREMIERE CLASSE VALENCIENNES OUEST - Petite-Forêt,https://www.tripadvisor.fr/Hotel_Review-g661703-d488856-Reviews-Premiere_Classe_Valenciennes_Ouest_Petite_Foret-Petite_Foret_Nord_Hauts_de_France.html,PREMIERE CLASSE
CAMPANILE PARIS OUEST - Gennevilliers Port,https://www.tripadvisor.fr/Hotel_Review-g196567-d313102-Reviews-Campanile_Paris_Ouest_Gennevilliers_Port-Gennevilliers_Hauts_de_Seine_Ile_de_France.html,CAMPANILE
PREMIERE CLASSE BAYONNE,https://www.tripadvisor.fr/Hotel_Review-g187077-d651035-Reviews-Premiere_Classe_Bayonne-Bayonne_Basque_Country_Pyrenees_Atlantiques_Nouvelle_Aquitaine.html,PREMIERE CLASSE
PREMIERE CLASSE TARBES - Bastillac,PREMIERE CLASSE TARBES - Bastillac,PREMIERE CLASSE
PREMIERE CLASSE SALON DE PROVENCE,https://www.tripadvisor.fr/Hotel_Review-g187255-d2389025-Reviews-Premiere_Classe_Salon_De_Provence-Salon_de_Provence_Bouches_du_Rhone_Provence_Alpes_Co.html,PREMIERE CLASSE
PREMIERE CLASSE LYON EST - Bron Eurexpo,https://www.tripadvisor.fr/Hotel_Review-g1080938-d1068224-Reviews-Premiere_Classe_Lyon_Est_Bron_Eurexpo-Decines_Charpieu_Rhone_Auvergne_Rhone_Alpes.html,PREMIERE CLASSE
CAMPANILE TAVERNY,https://www.tripadvisor.fr/Hotel_Review-g1080267-d487803-Reviews-Campanile_Taverny-Taverny_Val_d_Oise_Ile_de_France.html,CAMPANILE
CAMPANILE MONTARGIS - Amilly,https://www.tripadvisor.fr/Hotel_Review-g661385-d593812-Reviews-Campanile_Montargis_Amilly-Amilly_Loiret_Centre_Val_de_Loire.html,CAMPANILE
CAMPANILE LENS,https://www.tripadvisor.fr/Hotel_Review-g661384-d488204-Reviews-Campanile_Lens-Lens_Pas_de_Calais_Hauts_de_France.html,CAMPANILE
CAMPANILE MONTPELLIER EST - Le Millénaire,https://www.tripadvisor.fr/Hotel_Review-g187153-d280104-Reviews-Campanile_Montpellier_Est_Le_Millenaire-Montpellier_Herault_Occitanie.html,CAMPANILE
PREMIERE CLASSE LILLE OUEST - Lomme,https://www.tripadvisor.fr/Hotel_Review-g656507-d644821-Reviews-Hotel_Premiere_Classe_Lille_Ouest_Lomme-Lomme_Lille_Nord_Hauts_de_France.html,PREMIERE CLASSE
PREMIERE CLASSE NIORT EST - Chauray,https://www.tripadvisor.fr/Hotel_Review-g196667-d481720-Reviews-Premiere_Classe_Niort_Est_Chauray-Niort_Deux_Sevres_Nouvelle_Aquitaine.html,PREMIERE CLASSE
PREMIERE CLASSE ORANGE,https://www.tripadvisor.fr/Hotel_Review-g187251-d650966-Reviews-Premiere_Classe_Orange-Orange_Vaucluse_Provence_Alpes_Cote_d_Azur.html,PREMIERE CLASSE
PREMIERE CLASSE MARNE LA VALLEE - Saint Thibault des Vignes,https://www.tripadvisor.fr/Hotel_Review-g1025641-d488675-Reviews-Premiere_Classe_MLV_Saint_Thibault_Des_Vignes-St_Thibault_des_Vignes_Marne_la_Vallee_S.html,PREMIERE CLASSE
CAMPANILE PARIS EST - Porte de Bagnolet,https://www.tripadvisor.fr/Hotel_Review-g196558-d1210085-Reviews-Hotel_Campanile_Paris_Est_Porte_De_Bagnolet-Bagnolet_Seine_Saint_Denis_Ile_de_France.html,CAMPANILE
CAMPANILE VILLEJUIF,https://www.tripadvisor.fr/Hotel_Review-g196593-d287168-Reviews-Campanile_Villejuif-Villejuif_Val_de_Marne_Ile_de_France.html,CAMPANILE
CAMPANILE PARIS OUEST - Chaville,https://www.tripadvisor.fr/Hotel_Review-g661461-d487811-Reviews-Campanile_Paris_Ouest_Chaville-Chaville_Hauts_de_Seine_Ile_de_France.html,CAMPANILE
CAMPANILE MEAUX,https://www.tripadvisor.fr/Hotel_Review-g196576-d287159-Reviews-Campanile_Meaux-Meaux_Seine_et_Marne_Ile_de_France.html,CAMPANILE
PREMIERE CLASSE VIERZON,https://www.tripadvisor.fr/Hotel_Review-g196550-d614629-Reviews-Premiere_Classe_Vierzon-Vierzon_Cher_Berry_Centre_Val_de_Loire.html,PREMIERE CLASSE
CAMPANILE ALENCON,https://www.tripadvisor.fr/Hotel_Review-g1165142-d482413-Reviews-Campanile_Alencon_Hotel-Cerise_Alencon_Orne_Basse_Normandie_Normandy.html,CAMPANILE
CAMPANILE BRIVE LA GAILLARDE OUEST,https://www.tripadvisor.fr/Hotel_Review-g196612-d287171-Reviews-Campanile_Brive_La_Gaillarde_Ouest-Brive_la_Gaillarde_Correze_Nouvelle_Aquitaine.html,CAMPANILE
KYRIAD NANCY OUEST - Laxou Zenith,https://www.tripadvisor.fr/Hotel_Review-g661493-d488397-Reviews-Kyriad_Nancy_Ouest_Laxou_Zenith-Maxeville_Meurthe_et_Moselle_Grand_Est.html,KYRIAD
PREMIERE CLASSE LYON EST - Aéroport Saint Exupéry,https://www.tripadvisor.fr/Hotel_Review-g608821-d652441-Reviews-Premiere_Classe_Lyon_Est_Aeroport_Saint_Exupery-Saint_Laurent_de_Mure_Rhone_Auvergne_Rh.html,PREMIERE CLASSE
PREMIERE CLASSE LYON EST - Saint Priest Eurexpo,https://www.tripadvisor.fr/Hotel_Review-g1166685-d6588002-Reviews-Premiere_Classe_Lyon_Est_Saint_Priest_Eurexpo-Saint_Priest_Rhone_Auvergne_Rhone_Alpes.html,PREMIERE CLASSE
PREMIERE CLASSE BIARRITZ,https://www.tripadvisor.fr/Hotel_Review-g187080-d651038-Reviews-Hotel_Premiere_Classe_Biarritz-Biarritz_Basque_Country_Pyrenees_Atlantiques_Nouvelle_Aq.html,PREMIERE CLASSE
CAMPANILE MARSEILLE - Saint Antoine,https://www.tripadvisor.fr/Hotel_Review-g187253-d280166-Reviews-Campanile_Marseille_Saint_Antoine-Marseille_Bouches_du_Rhone_Provence_Alpes_Cote_d_Azur.html,CAMPANILE
CAMPANILE PARIS 19 - La Villette,https://www.tripadvisor.fr/Hotel_Review-g187147-d233767-Reviews-Campanile_Prime_Paris_19_La_Villette-Paris_Ile_de_France.html,CAMPANILE
CAMPANILE VILLENNES SUR SEINE - Poissy,https://www.tripadvisor.fr/Hotel_Review-g661230-d487817-Reviews-Campanile_Villennes_Sur_Seine_Poissy-Villennes_sur_Seine_Yvelines_Ile_de_France.html,CAMPANILE
CAMPANILE CHANTILLY,https://www.tripadvisor.fr/Hotel_Review-g641875-d235794-Reviews-Campanile_Chantilly-Gouvieux_Chantilly_Oise_Hauts_de_France.html,CAMPANILE
PREMIERE CLASSE VERSAILLES - St-Cyr-l'Ecole,https://www.tripadvisor.fr/Hotel_Review-g1055979-d2484654-Reviews-Premiere_Classe_Versailles_St_Cyr_l_Ecole-Saint_Cyr_l_Ecole_Yvelines_Ile_de_France.html,PREMIERE CLASSE
KYRIAD Design ENZO VIERZON,https://www.tripadvisor.fr/Hotel_Review-g196550-d197154-Reviews-Kyriad_Design_Enzo_Vierzon-Vierzon_Cher_Berry_Centre_Val_de_Loire.html,KYRIAD
PREMIERE CLASSE LILLE - Villeneuve d'Ascq - Stade Pierre Mauroy,https://www.tripadvisor.fr/Hotel_Review-g1080555-d488886-Reviews-Premiere_Classe_Lille_Est_Stade_Pierre_Mauroy-Lezennes_Nord_Hauts_de_France.html,PREMIERE CLASSE
PREMIERE CLASSE BREST - Gouesnou Aéroport,https://www.tripadvisor.fr/Hotel_Review-g661479-d644576-Reviews-Premiere_Classe_Brest_Gouesnou_Aeroport-Gouesnou_Brest_Finistere_Brittany.html,PREMIERE CLASSE
CAMPANILE NOGENT SUR MARNE,https://www.tripadvisor.fr/Hotel_Review-g196582-d287161-Reviews-Campanile_Nogent_Sur_Marne-Nogent_sur_Marne_Val_de_Marne_Ile_de_France.html,CAMPANILE
CAMPANILE DIJON EST - Saint Apollinaire,https://www.tripadvisor.fr/Hotel_Review-g651708-d565376-Reviews-Campanile_Dijon_Est_Saint_Apollinaire-Saint_Apollinaire_Cote_d_Or_Bourgogne_Franche_Com.html,CAMPANILE
CAMPANILE DUNKERQUE SUD - Loon Plage,https://www.tripadvisor.fr/Hotel_Review-g661491-d483751-Reviews-Campanile_Dunkerque_Sud_Loon_Plage-Loon_Plage_Nord_Hauts_de_France.html,CAMPANILE
CAMPANILE POITIERS SUD - Aéroport,https://www.tripadvisor.fr/Hotel_Review-g187207-d261120-Reviews-Campanile_Poitiers_Sud_Aeroport-Poitiers_Vienne_Nouvelle_Aquitaine.html,CAMPANILE
CAMPANILE MONTPELLIER SUD,https://www.tripadvisor.fr/Hotel_Review-g187153-d664484-Reviews-Campanile_Montpellier_Sud-Montpellier_Herault_Occitanie.html,CAMPANILE
CAMPANILE BORDEAUX OUEST - Mérignac Aéroport,https://www.tripadvisor.fr/Hotel_Review-g207338-d6950278-Reviews-Campanile_Bordeaux_Ouest_Merignac_Aeroport-Merignac_Bordeaux_Gironde_Nouvelle_Aquitain.html,CAMPANILE
PREMIERE CLASSE BOULOGNE - Saint Martin les Boulogne,https://www.tripadvisor.fr/Hotel_Review-g651734-d644575-Reviews-Premiere_Classe_Boulogne_Saint_Martin_les_Boulogne-Saint_Martin_Boulogne_Pas_de_Calais_.html,PREMIERE CLASSE
CAMPANILE LE HAVRE NORD - Montivilliers,https://www.tripadvisor.fr/Hotel_Review-g661652-d488056-Reviews-Campanile_Le_Havre_Nord_Montivilliers-Montivilliers_Seine_Maritime_Haute_Normandie_Norm.html,CAMPANILE
CAMPANILE CLERMONT FERRAND SUD - Issoire,https://www.tripadvisor.fr/Hotel_Review-g196518-d287104-Reviews-Campanile_Clermont_Ferrand_Sud-City_of_Issoire_Issoire_Puy_de_Dome_Auvergne_Rhone_Alpes.html,CAMPANILE
PREMIERE CLASSE LIMOGES NORD,https://www.tripadvisor.fr/Hotel_Review-g187159-d481711-Reviews-Premiere_Classe_Limoges_Nord-Limoges_Haute_Vienne_Nouvelle_Aquitaine.html,PREMIERE CLASSE
PREMIERE CLASSE LYON SUD - Chasse sur Rhône,https://www.tripadvisor.fr/Hotel_Review-g196698-d651072-Reviews-Hotel_Premiere_Classe_Lyon_Sud_Chasse_Sur_Rhone-Chasse_sur_Rhone_Isere_Auvergne_Rhone_A.html,PREMIERE CLASSE
PREMIERE CLASSE GENEVE - Saint Genis Pouilly,https://www.tripadvisor.fr/Hotel_Review-g675074-d736328-Reviews-Premiere_Classe_Geneve_Saint_Genis_Pouilly-Saint_Genis_Pouilly_Ain_Auvergne_Rhone_Alpes.html,PREMIERE CLASSE
CAMPANILE LILLE NORD - Wasquehal,https://www.tripadvisor.fr/Hotel_Review-g1227432-d488202-Reviews-Campanile_Lille_Nord_Wasquehal-Wasquehal_Lille_Nord_Hauts_de_France.html,CAMPANILE
CAMPANILE BETHUNE - Fouquières Les Béthune,https://www.tripadvisor.fr/Hotel_Review-g661474-d488207-Reviews-Campanile_Bethune_Fouquieres_Les_Bethune-Fouquieres_les_Bethune_Pas_de_Calais_Hauts_de_.html,CAMPANILE
CAMPANILE CLERMONT FERRAND SUD - Aubière,https://www.tripadvisor.fr/Hotel_Review-g661451-d488541-Reviews-Campanile_Clermont_Ferrand_Aubiere-Aubiere_Puy_de_Dome_Auvergne_Rhone_Alpes.html,CAMPANILE
CAMPANILE SALON DE PROVENCE,https://www.tripadvisor.fr/Hotel_Review-g187255-d286887-Reviews-Campanile_Salon_de_Provence-Salon_de_Provence_Bouches_du_Rhone_Provence_Alpes_Cote_d_Az.html,CAMPANILE
CAMPANILE BREST - Gouesnou Aéroport,https://www.tripadvisor.fr/Hotel_Review-g661479-d488522-Reviews-Hotel_Campanile_Brest_Gouesnou_Aeroport-Gouesnou_Brest_Finistere_Brittany.html,CAMPANILE
CAMPANILE REIMS EST - Taissy,https://www.tripadvisor.fr/Hotel_Review-g661760-d534829-Reviews-Campanile_Reims_Est_Taissy-Taissy_Marne_Grand_Est.html,CAMPANILE
PREMIERE CLASSE BORDEAUX SUD - Villenave d'Ornon,https://www.tripadvisor.fr/Hotel_Review-g1025628-d1050110-Reviews-Premiere_Classe_Bordeaux_Sud_Villenave_D_Ornon-Villenave_D_ornon_Bordeaux_Gironde_Nou.html,PREMIERE CLASSE
CAMPANILE STRASBOURG SUD - Illkirch Geispolsheim,https://www.tripadvisor.fr/Hotel_Review-g661476-d566074-Reviews-Hotel_Campanile_Strasbourg_Sud_Illkirch_Geispolsheim-Geispolsheim_Strasbourg_Bas_Rhin_G.html,CAMPANILE
CAMPANILE CONFLANS SAINTE HONORINE,https://www.tripadvisor.fr/Hotel_Review-g1006520-d487798-Reviews-Campanile_Conflans_Sainte_Honorine-Conflans_Sainte_Honorine_Yvelines_Ile_de_France.html,CAMPANILE
CAMPANILE AIX LES BAINS,https://www.tripadvisor.fr/Hotel_Review-g187259-d286882-Reviews-Campanile_Aix_Les_Bains-Aix_les_Bains_Savoie_Auvergne_Rhone_Alpes.html,CAMPANILE
KYRIAD LILLE NORD - Roncq,https://www.tripadvisor.fr/Hotel_Review-g651733-d488209-Reviews-Kyriad_Lille_Nord_Roncq-Roncq_Nord_Hauts_de_France.html,KYRIAD
PREMIERE CLASSE DUNKERQUE SUD - Loon Plage,https://www.tripadvisor.fr/Hotel_Review-g661491-d2553227-Reviews-Premiere_Classe_Dunkerque_Sud_Loon_Plage-Loon_Plage_Nord_Hauts_de_France.html,PREMIERE CLASSE
PREMIERE CLASSE ANGERS SUD - Les Ponts de Cé,https://www.tripadvisor.fr/Hotel_Review-g1067660-d3321653-Reviews-Premiere_Classe_Angers_Sud-Les_Ponts_De_Ce_Maine_et_Loire_Pays_de_la_Loire.html,PREMIERE CLASSE
KYRIAD DIRECT SAINT DIZIER,https://www.tripadvisor.fr/Hotel_Review-g196552-d287141-Reviews-Hotel_Kyriad_Direct_Saint_Dizier-Saint_Dizier_Haute_Marne_Grand_Est.html,KYRIAD DIRECT
PREMIERE CLASSE MONTLUCON  - St Victor,https://www.tripadvisor.fr/Hotel_Review-g226849-d650952-Reviews-Hotel_Premiere_Classe_Montlucon_Saint_Victor-Saint_Victor_Allier_Auvergne_Rhone_Alpes.html,PREMIERE CLASSE
CAMPANILE NEVERS NORD - Varennes Vauzelles,https://www.tripadvisor.fr/Hotel_Review-g196545-d287087-Reviews-Campanile_Nevers_Nord_Varennes_Vauzelles-Varennes_Vauzelles_Nevers_Nievre_Bourgogne_Fra.html,CAMPANILE
KYRIAD BRIE COMTE ROBERT,https://www.tripadvisor.fr/Hotel_Review-g661457-d487815-Reviews-Kyriad_Brie_Comte_Robert-Brie_Comte_Robert_Seine_et_Marne_Ile_de_France.html,KYRIAD
KYRIAD ANGERS SUD - Les Ponts de Cé,https://www.tripadvisor.fr/Hotel_Review-g1067660-d534837-Reviews-Kyriad_Angers_Sud_Les_Ponts_De_Ce-Les_Ponts_De_Ce_Maine_et_Loire_Pays_de_la_Loire.html,KYRIAD
KYRIAD ARGENTEUIL,https://www.tripadvisor.fr/Hotel_Review-g196557-d313117-Reviews-Hotel_Kyriad_Argenteuil-Argenteuil_Val_d_Oise_Ile_de_France.html,KYRIAD
PREMIERE CLASSE MEAUX - Nanteuil les Meaux,https://www.tripadvisor.fr/Hotel_Review-g661383-d488663-Reviews-Premiere_Classe_Meaux_Nanteuil_Les_Meaux-Nanteuil_les_Meaux_Seine_et_Marne_Ile_de_Franc.html,PREMIERE CLASSE
PREMIERE CLASSE LYON OUEST - Tassin,https://www.tripadvisor.fr/Hotel_Review-g661228-d3656756-Reviews-Premiere_Classe_Lyon_Ouest_Tassin-Tassin_la_Demi_Lune_Rhone_Auvergne_Rhone_Alpes.html,PREMIERE CLASSE
PREMIERE CLASSE PLAISIR,https://www.tripadvisor.fr/Hotel_Review-g661262-d488676-Reviews-Premiere_Classe_Plaisir-Plaisir_Yvelines_Ile_de_France.html,PREMIERE CLASSE
CAMPANILE MAUBEUGE,https://www.tripadvisor.fr/Hotel_Review-g196636-d287197-Reviews-Campanile_Maubeuge-Maubeuge_Nord_Hauts_de_France.html,CAMPANILE
CAMPANILE CHOLET,https://www.tripadvisor.fr/Search?q=CAMPANILE+CHOLET&geo=196636&ssrc=a&searchNearby=false&searchSessionId=00122cfd99c3d3eb.ssid&offset=0,CAMPANILE
CAMPANILE LYON EST - Bron Eurexpo,https://www.tripadvisor.fr/Hotel_Review-g207356-d535468-Reviews-Hotel_Campanile_Lyon_Est_Bron_Eurexpo-Bron_Rhone_Auvergne_Rhone_Alpes.html,CAMPANILE
PREMIERE CLASSE MONTREUIL,https://www.tripadvisor.fr/Hotel_Review-g1055975-d1055340-Reviews-Premiere_Classe_Montreuil-Montreuil_Seine_Saint_Denis_Ile_de_France.html,PREMIERE CLASSE
CAMPANILE PARIS OUEST - Gennevilliers Barbanniers,https://www.tripadvisor.fr/Hotel_Review-g196567-d543536-Reviews-Campanile_Paris_Ouest_Gennevilliers_Barbanniers-Gennevilliers_Hauts_de_Seine_Ile_de_Fra.html,CAMPANILE
CAMPANILE SAINT NAZAIRE - Trignac,https://www.tripadvisor.fr/Hotel_Review-g661771-d488518-Reviews-L_Hotel_Campanile_Saint_Nazaire_Trignac-Trignac_Saint_Nazaire_Loire_Atlantique_Pays_de_.html,CAMPANILE
PREMIERE CLASSE ORLEANS OUEST - La Chapelle Saint Mesmin,https://www.tripadvisor.fr/Hotel_Review-g656496-d644832-Reviews-Hotel_Premiere_Classe_Orleans_Ouest_La_Chapelle_Saint_Mesmin-La_Chapelle_Saint_Mesmin_L.html,PREMIERE CLASSE
PREMIERE CLASSE BRIVE LA GAILLARDE OUEST,https://www.tripadvisor.fr/Hotel_Review-g196612-d644567-Reviews-Premiere_Classe_Brive_La_Gaillarde_Ouest_hotel-Brive_la_Gaillarde_Correze_Nouvelle_Aqui.html,PREMIERE CLASSE
KYRIAD CAEN NORD - Hérouville Saint Clair,https://www.tripadvisor.fr/Hotel_Review-g226882-d287203-Reviews-Kyriad_Caen_Nord_Herouville_Saint_Clair-Herouville_Saint_Clair_Calvados_Basse_Normandie.html,KYRIAD
KYRIAD DIRECT MARSEILLE OUEST - Martigues,https://www.tripadvisor.fr/Hotel_Review-g196684-d286889-Reviews-Kyriad_Direct_Marseille_Ouest_Martigues-Martigues_Bouches_du_Rhone_Provence_Alpes_Cote_.html,KYRIAD DIRECT
CAMPANILE BORDEAUX SUD - Pessac,https://www.tripadvisor.fr/Hotel_Review-g196515-d293400-Reviews-Premiere_Classe_Bordeaux_Sud_Pessac_Bersol-Pessac_Bordeaux_Gironde_Nouvelle_Aquitaine.html,CAMPANILE
PREMIERE CLASSE BOURGES,https://www.tripadvisor.fr/Hotel_Review-g187120-d481738-Reviews-Hotel_Premiere_Classe_Bourges-Bourges_Cher_Berry_Centre_Val_de_Loire.html,PREMIERE CLASSE
KYRIAD DIRECT EPINAL,https://www.tripadvisor.fr/Hotel_Review-g196613-d287173-Reviews-Kyriad_Direct_Epinal-Epinal_Vosges_Grand_Est.html,KYRIAD DIRECT
CAMPANILE ANGERS OUEST - Beaucouzé,https://www.tripadvisor.fr/Hotel_Review-g562730-d488520-Reviews-Campanile_Angers_Ouest_Beaucouze-Beaucouze_Maine_et_Loire_Pays_de_la_Loire.html,CAMPANILE
CAMPANILE FOUGERES,https://www.tripadvisor.fr/Hotel_Review-g196527-d530397-Reviews-Hotel_Campanile_Fougeres-Fougeres_Ille_et_Vilaine_Brittany.html,CAMPANILE
KYRIAD DIRECT MARSEILLE EST - La Penne,https://www.tripadvisor.fr/Hotel_Review-g661489-d488552-Reviews-Kyriad_Direct_Marseille_Est_La_Penne-La_Penne_sur_Huveaune_Bouches_du_Rhone_Provence_Al.html,KYRIAD DIRECT
PREMIERE CLASSE VALENCE SUD,https://www.tripadvisor.fr/Hotel_Review-g187272-d599513-Reviews-Premiere_Classe_Valence_Sud-Valence_Drome_Auvergne_Rhone_Alpes.html,PREMIERE CLASSE
CAMPANILE LILLE SUD - CHR,https://www.tripadvisor.fr/Hotel_Review-g187178-d236901-Reviews-Campanile_Lille_Sud_Chr-Lille_Nord_Hauts_de_France.html,CAMPANILE
CAMPANILE THIONVILLE - Yutz,https://www.tripadvisor.fr/Hotel_Review-g661266-d481675-Reviews-Campanile_Thionville_Yutz-Yutz_Moselle_Grand_Est.html,CAMPANILE
CAMPANILE NANTES OUEST - Saint Herblain,https://www.tripadvisor.fr/Hotel_Review-g635821-d488517-Reviews-Hotel_Campanile_Nantes_Ouest_Saint_Herblain-Saint_Herblain_Nantes_Loire_Atlantique_Pays.html,CAMPANILE
CAMPANILE PARIS 15 - Tour Eiffel,https://www.tripadvisor.fr/Hotel_Review-g187147-d287475-Reviews-Campanile_Paris_15_Tour_Eiffel-Paris_Ile_de_France.html,CAMPANILE
CAMPANILE VILLEFRANCHE SUR SAONE,https://www.tripadvisor.fr/Hotel_Review-g187274-d481725-Reviews-Campanile_Villefranche_Sur_Saone-Villefranche_sur_Saone_Rhone_Auvergne_Rhone_Alpes.html,CAMPANILE
CAMPANILE PARIS EST - Bobigny,https://www.tripadvisor.fr/Hotel_Review-g661251-d487802-Reviews-Campanile_Paris_Est_Bobigny-Bobigny_Seine_Saint_Denis_Ile_de_France.html,CAMPANILE
CAMPANILE ROUEN NORD - Mont Saint Aignan,https://www.tripadvisor.fr/Hotel_Review-g661654-d488050-Reviews-Campanile_Rouen_Nord_Mont_Saint_Aignan-Mont_Saint_Aignan_Rouen_Seine_Maritime_Haute_Nor.html,CAMPANILE
CAMPANILE LE MANS SUD - Arnage,https://www.tripadvisor.fr/Hotel_Review-g670673-d488515-Reviews-Hotel_Campanile_Le_Mans_Sud_Arnage-Arnage_Le_Mans_Sarthe_Pays_de_la_Loire.html,CAMPANILE
CAMPANILE PARIS OUEST - Pte de Champerret Levallois,https://www.tripadvisor.fr/Hotel_Review-g196574-d287158-Reviews-Campanile_Paris_Ouest_Porte_de_Champerret_Levallois-Levallois_Perret_Hauts_de_Seine_Ile.html,CAMPANILE
KYRIAD PARIS EST - Bois de Vincennes,https://www.tripadvisor.fr/Hotel_Review-g1158724-d271442-Reviews-Kyriad_Paris_Est_Bois_de_Vincennes-Saint_Maurice_Val_de_Marne_Ile_de_France.html,KYRIAD
KYRIAD MONTARGIS - Amilly,https://www.tripadvisor.fr/Hotel_Review-g661385-d633958-Reviews-Hotel_Kyriad_Montargis_Amilly-Amilly_Loiret_Centre_Val_de_Loire.html,KYRIAD
PREMIERE CLASSE MONT DE MARSAN - St Avit,https://www.tripadvisor.fr/Hotel_Review-g1201990-d2631203-Reviews-Hotel_Kyriad_Direct_Mont_De_Marsan-Saint_Avit_Landes_Nouvelle_Aquitaine.html,PREMIERE CLASSE
PREMIERE CLASSE BOISSY-SAINT-LEGER,https://www.tripadvisor.fr/Hotel_Review-g667016-d488680-Reviews-Premiere_Classe_Boissy_Saint_Leger-Boissy_Saint_Leger_Val_de_Marne_Ile_de_France.html,PREMIERE CLASSE
CAMPANILE VERSAILLES - Buc,https://www.tripadvisor.fr/Hotel_Review-g580143-d611046-Reviews-Campanile_Versailles_Buc-Buc_Versailles_Yvelines_Ile_de_France.html,CAMPANILE
CAMPANILE NIMES SUD - Caissargues,https://www.tripadvisor.fr/Hotel_Review-g651717-d488542-Reviews-Campanile_Nimes_Caissargues-Caissargues_Gard_Occitanie.html,CAMPANILE
PREMIERE CLASSE DUNKERQUE EST - Armbouts Cappel,https://www.tripadvisor.fr/Hotel_Review-g661450-d488881-Reviews-Premiere_Classe_Dunkerque_Est_Armbouts_Cappel-Armbouts_Cappel_Nord_Hauts_de_France.html,PREMIERE CLASSE
CAMPANILE NICE - Aéroport,https://www.tripadvisor.fr/Hotel_Review-g187234-d197213-Reviews-Campanile_Nice_Aeroport-Nice_French_Riviera_Cote_d_Azur_Provence_Alpes_Cote_d_Azur.html,CAMPANILE
CAMPANILE LYON CENTRE - Gare Perrache - Confluence,https://www.tripadvisor.fr/Hotel_Review-g187265-d259392-Reviews-Campanile_Lyon_Centre_Gare_Perrache_Confluence-Lyon_Rhone_Auvergne_Rhone_Alpes.html,CAMPANILE
KYRIAD DIJON SUD - Longvic,https://www.tripadvisor.fr/Hotel_Review-g1079412-d313014-Reviews-Hotel_Dijon_Sud_Longvic-Longvic_Dijon_Cote_d_Or_Bourgogne_Franche_Comte.html,KYRIAD
CAMPANILE LYON NORD - Dardilly,https://www.tripadvisor.fr/Hotel_Review-g207358-d313521-Reviews-Campanile_Lyon_Nord_Dardilly-Dardilly_Rhone_Auvergne_Rhone_Alpes.html,CAMPANILE
CAMPANILE BESANCON NORD - Ecole Valentin,https://www.tripadvisor.fr/Hotel_Review-g187143-d487412-Reviews-Campanile_Besancon_Nord_Ecole_Valentin-Besancon_Doubs_Bourgogne_Franche_Comte.html,CAMPANILE
KYRIAD DIRECT NANCY EST - Essey,https://www.tripadvisor.fr/Hotel_Review-g661258-d488399-Reviews-Kyriad_Direct_Nancy_Est_Essey-Essey_les_Nancy_Meurthe_et_Moselle_Grand_Est.html,KYRIAD DIRECT
CAMPANILE MACON SUD - Chaintré,https://www.tripadvisor.fr/Hotel_Review-g661458-d488082-Reviews-Campanile_Macon_Sud_Chaintre-Chaintre_Macon_Saone_et_Loire_Bourgogne_Franche_Comte.html,CAMPANILE
PREMIERE CLASSE NEVERS - Varennes Vauzelles,https://www.tripadvisor.fr/Hotel_Review-g196545-d650652-Reviews-Premiere_Classe_Nevers_Varennes_Vauzelles-Varennes_Vauzelles_Nevers_Nievre_Bourgogne_Fr.html,PREMIERE CLASSE
CAMPANILE LILLE EST - Villeneuve d'Ascq,https://www.tripadvisor.fr/Hotel_Review-g196640-d287200-Reviews-Campanile_Lille_Est_Villeneuve_D_ascq-Villeneuve_d_Ascq_Lille_Nord_Hauts_de_France.html,CAMPANILE
CAMPANILE TOULOUSE SUD BALMA - Cité de l'Espace,https://www.tripadvisor.fr/Hotel_Review-g187175-d312926-Reviews-Campanile_Toulouse_Sud_Balma_Cite_de_l_Espace-Toulouse_Haute_Garonne_Occitanie.html,CAMPANILE
CAMPANILE ROUEN EST - Franqueville Saint Pierre,https://www.tripadvisor.fr/Hotel_Review-g661475-d565964-Reviews-Campanile_Rouen_Est_Franqueville_Saint_Pierre-Franqueville_Saint_Pierre_Seine_Maritime_.html,CAMPANILE
KYRIAD GENEVE - Saint Genis Pouilly,https://www.tripadvisor.fr/Hotel_Review-g675074-d551211-Reviews-Hotel_Kyriad_Geneve_St_Genis_Pouilly-Saint_Genis_Pouilly_Ain_Auvergne_Rhone_Alpes.html,KYRIAD
CAMPANILE PERIGUEUX Boulazac,https://www.tripadvisor.fr/Hotel_Review-g661456-d488531-Reviews-Campanile_Perigueux_Boulazac-Boulazac_Dordogne_Nouvelle_Aquitaine.html,CAMPANILE
KYRIAD MONTPELLIER NORD - Parc Euromédecine,https://www.tripadvisor.fr/Hotel_Review-g482924-d488019-Reviews-Kyriad_Montpellier_Nord_Parc_Euromedecine-Saint_Clement_de_Riviere_Herault_Occitanie.html,KYRIAD
PREMIERE CLASSE LILLE SUD - Seclin,https://www.tripadvisor.fr/Hotel_Review-g651735-d644585-Reviews-Premiere_Classe_Lille_Sud_Seclin-Seclin_Nord_Hauts_de_France.html,PREMIERE CLASSE
CAMPANILE METZ NORD,https://www.tripadvisor.fr/Hotel_Review-g226876-d12597245-Reviews-Hotel_Campanile_Metz_Nord-Woippy_Moselle_Grand_Est.html,CAMPANILE
CAMPANILE PARIS OUEST - Nanterre - La Défense,https://www.tripadvisor.fr/Hotel_Review-g196579-d287160-Reviews-Campanile_Paris_Ouest_Nanterre_La_Defense-Nanterre_La_Defense_Hauts_de_Seine_Ile_de_Fra.html,CAMPANILE
CAMPANILE SAINT MALO - Saint Jouan des Guérets,https://www.tripadvisor.fr/Hotel_Review-g660463-d488525-Reviews-Campanile_Saint_Malo_Saint_Jouan_Des_Guerets-Saint_Jouan_des_Guerets_Saint_Malo_Ille_et.html,CAMPANILE
CAMPANILE RENNES SUD - Saint Jacques,https://www.tripadvisor.fr/Hotel_Review-g651705-d4089685-Reviews-Campanile_Rennes_Sud_Saint_Jacques-Saint_Jacques_de_la_Lande_Rennes_Ille_et_Vilaine_Br.html,CAMPANILE
KYRIAD LILLE EST - Villeneuve d'Ascq,https://www.tripadvisor.fr/Hotel_Review-g196640-d1699489-Reviews-Kyriad_Lille_Est_Villeneuve_D_Ascq-Villeneuve_d_Ascq_Lille_Nord_Hauts_de_France.html,KYRIAD
CAMPANILE SAINT ETIENNE CENTRE - Villars,https://www.tripadvisor.fr/Hotel_Review-g8290719-d566022-Reviews-Campanile_Saint_Etienne_Centre_Villars-Villars_Saint_Etienne_Loire_Auvergne_Rhone_Alpe.html,CAMPANILE
PREMIERE CLASSE GRENOBLE SUD - Gières Université,https://www.tripadvisor.fr/Hotel_Review-g1067702-d1068225-Reviews-Premiere_Classe_Grenoble_Sud_Gieres_Universite-Gieres_Grenoble_Isere_Auvergne_Rhone_A.html,PREMIERE CLASSE
CAMPANILE PARIS SUD - Porte d'Italie,https://www.tripadvisor.fr/Hotel_Review-g227614-d296880-Reviews-Campanile_Paris_Sud_Porte_D_Italie-Kremlin_Bicetre_Val_de_Marne_Ile_de_France.html,CAMPANILE
PREMIERE CLASSE CHALON SUR SAONE,https://www.tripadvisor.fr/Hotel_Review-g196539-d482491-Reviews-Premiere_Classe_Chalon_Sur_Saone-Chalon_sur_Saone_Saone_et_Loire_Bourgogne_Franche_Comt.html,PREMIERE CLASSE
CAMPANILE LES ULIS,https://www.tripadvisor.fr/Hotel_Review-g196573-d287157-Reviews-Campanile_Les_Ulis-Les_Ulis_Essonne_Ile_de_France.html,CAMPANILE
CAMPANILE FONTAINEBLEAU,https://www.tripadvisor.fr/Hotel_Review-g187145-d17575192-Reviews-Campanile_Fontainebleau-Fontainebleau_Seine_et_Marne_Ile_de_France.html,CAMPANILE
KYRIAD BEAUVAIS SUD,https://www.tripadvisor.fr/Hotel_Review-g196658-d481736-Reviews-Kyriad_Beauvais_Sud-Beauvais_Oise_Hauts_de_France.html,KYRIAD
CAMPANILE MARSEILLE EST - Aubagne,https://www.tripadvisor.fr/Hotel_Review-g644128-d17781610-Reviews-Campanile_Marseille_Est_Aubagne-Aubagne_Bouches_du_Rhone_Provence_Alpes_Cote_d_Azur.html,CAMPANILE
PREMIERE CLASSE BORDEAUX EST - Lormont,https://www.tripadvisor.fr/Hotel_Review-g644083-d644574-Reviews-Hotel_Premiere_Classe_Bordeaux_Est_Lormont-Lormont_Bordeaux_Gironde_Nouvelle_Aquitaine.html,PREMIERE CLASSE
PREMIERE CLASSE CLERMONT FERRAND NORD,https://www.tripadvisor.fr/Hotel_Review-g187091-d481703-Reviews-Premiere_Classe_Clermont_Ferrand_Nord-Clermont_Ferrand_Puy_de_Dome_Auvergne_Rhone_Alpes.html,PREMIERE CLASSE
PREMIERE CLASSE DREUX,https://www.tripadvisor.fr/Hotel_Review-g580140-d488847-Reviews-Premiere_Classe_Dreux-Dreux_Eure_et_Loir_Centre_Val_de_Loire.html,PREMIERE CLASSE
CAMPANILE CERGY SAINT CHRISTOPHE,https://www.tripadvisor.fr/Hotel_Review-g262037-d481731-Reviews-Campanile_Cergy_Saint_Christophe-Cergy_Cergy_Pontoise_Val_d_Oise_Ile_de_France.html,CAMPANILE
CAMPANILE LE BOURGET - AIRPORT,https://www.tripadvisor.fr/Hotel_Review-g9980751-d296872-Reviews-Campanile_Le_Bourget_Airport-Bonneuil_en_France_Ile_de_France.html,CAMPANILE
CAMPANILE LE BLANC MESNIL,https://www.tripadvisor.fr/Hotel_Review-g196571-d497187-Reviews-Campanile_Blanc_Mesnil-Le_Blanc_Mesnil_Seine_Saint_Denis_Ile_de_France.html,CAMPANILE
CAMPANILE PARIS OUEST - Boulogne,https://www.tripadvisor.fr/Hotel_Review-g196560-d287145-Reviews-Campanile_Paris_Ouest_Boulogne-Boulogne_Billancourt_Hauts_de_Seine_Ile_de_France.html,CAMPANILE
KYRIAD BRIVE LA GAILLARDE OUEST,https://www.tripadvisor.fr/Hotel_Review-g196612-d656966-Reviews-Hotel_Kyriad_Brive_La_Gaillarde_Ouest-Brive_la_Gaillarde_Correze_Nouvelle_Aquitaine.html,KYRIAD
PREMIERE CLASSE ROUEN NORD - Bois Guillaume,https://www.tripadvisor.fr/Hotel_Review-g1025617-d488726-Reviews-Premiere_Classe_Rouen_Nord_Bois_Guillaume-Bois_Guillaume_Seine_Maritime_Haute_Normandi.html,PREMIERE CLASSE
PREMIERE CLASSE DUNKERQUE - Saint-Pol-Sur-Mer,https://www.tripadvisor.fr/Hotel_Review-g1080567-d488876-Reviews-Premiere_Classe_Dunkerque_Saint_Pol_Sur_Mer-Saint_Pol_sur_Mer_Nord_Hauts_de_France.html,PREMIERE CLASSE
PREMIERE CLASSE METZ NORD - Talange,https://www.tripadvisor.fr/Hotel_Review-g2221931-d487486-Reviews-Hotel_Premiere_Classe_Metz_Nord_Talange-Talange_Moselle_Grand_Est.html,PREMIERE CLASSE
PREMIERE CLASSE TOULOUSE NORD - L'Union,https://www.tripadvisor.fr/Hotel_Review-g661248-d2454352-Reviews-Premiere_Classe_Toulouse_Nord_L_Union-L_Union_Haute_Garonne_Occitanie.html,PREMIERE CLASSE
KYRIAD MEAUX SUD - Nanteuil les Meaux,https://www.tripadvisor.fr/Hotel_Review-g661383-d487813-Reviews-Kyriad_Nanteuil_les_Meaux-Nanteuil_les_Meaux_Seine_et_Marne_Ile_de_France.html,KYRIAD
KYRIAD VALENCIENNES SUD - Rouvignies,https://www.tripadvisor.fr/Hotel_Review-g1946989-d287199-Reviews-Kyriad_Valenciennes_Sud_Rouvignies-Rouvignies_Nord_Hauts_de_France.html,KYRIAD
KYRIAD LIMOGES SUD - Feytiat,https://www.tripadvisor.fr/Hotel_Review-g226873-d261874-Reviews-Kyriad_Limoges_Sud_Feytiat-Feytiat_Haute_Vienne_Nouvelle_Aquitaine.html,KYRIAD
KYRIAD DIRECT AGEN CASTELCULIER,https://www.tripadvisor.fr/Hotel_Review-g1079330-d1106602-Reviews-Kyriad_Direct_Agen_Castelculier-Castelculier_Agen_Lot_et_Garonne_Nouvelle_Aquitaine.html,KYRIAD DIRECT
KYRIAD DIRECT SAINTES,https://www.tripadvisor.fr/Hotel_Review-g196669-d484041-Reviews-Kyriad_Direct_Saintes-Saintes_Charente_Maritime_Nouvelle_Aquitaine.html,KYRIAD DIRECT
PREMIERE CLASSE STRASBOURG SUD - Illkirch,https://www.tripadvisor.fr/Hotel_Review-g661476-d1799894-Reviews-Premiere_Classe_Strasbourg_Sud_Illkirch-Geispolsheim_Strasbourg_Bas_Rhin_Grand_Est.html,PREMIERE CLASSE
KYRIAD FONTENAY TRESIGNY,https://www.tripadvisor.fr/Hotel_Review-g661473-d488031-Reviews-Kyriad_Fontenay_Tresigny-Fontenay_Tresigny_Seine_et_Marne_Ile_de_France.html,KYRIAD
KYRIAD DIRECT BORDEAUX SUD - Cestas,https://www.tripadvisor.fr/Hotel_Review-g644081-d627189-Reviews-Kyriad_Direct_Bordeaux_Sud-Cestas_Gironde_Nouvelle_Aquitaine.html,KYRIAD DIRECT
PREMIERE CLASSE ISTRES,https://www.tripadvisor.fr/Hotel_Review-g196681-d2273979-Reviews-Premiere_Classe_Istres-Istres_Bouches_du_Rhone_Provence_Alpes_Cote_d_Azur.html,PREMIERE CLASSE
CAMPANILE TOULOUSE - Blagnac Aéroport,https://www.tripadvisor.fr/Hotel_Review-g196620-d514456-Reviews-Campanile_Toulouse_Blagnac_Aeroport-Blagnac_Haute_Garonne_Occitanie.html,CAMPANILE
KYRIAD DIRECT ROANNE,https://www.tripadvisor.fr/Hotel_Review-g187268-d286859-Reviews-Kyriad_Direct_Roanne-Roanne_City_Roanne_Loire_Auvergne_Rhone_Alpes.html,KYRIAD DIRECT
KYRIAD NICE - Stade,https://www.tripadvisor.fr/Hotel_Review-g187234-d294353-Reviews-Kyriad_Nice_Stade-Nice_French_Riviera_Cote_d_Azur_Provence_Alpes_Cote_d_Azur.html,KYRIAD
PREMIERE CLASSE TOULOUSE SUD - Portet,https://www.tripadvisor.fr/Hotel_Review-g644114-d627360-Reviews-Premiere_Classe_Toulouse_Sud_Portet-Portet_sur_Garonne_Haute_Garonne_Occitanie.html,PREMIERE CLASSE
PREMIERE CLASSE COLMAR NORD - Houssen,https://www.tripadvisor.fr/Hotel_Review-g651693-d487789-Reviews-Hotel_Premiere_Classe_Colmar_Nord_Houssen-Houssen_Haut_Rhin_Grand_Est.html,PREMIERE CLASSE
CAMPANILE CALAIS,https://www.tripadvisor.fr/Hotel_Review-g196659-d481692-Reviews-Campanile_Calais-Calais_Pas_de_Calais_Hauts_de_France.html,CAMPANILE
KYRIAD BORDEAUX - Lormont,https://www.tripadvisor.fr/Hotel_Review-g644083-d597763-Reviews-Hotel_Kyriad_Bordeaux_Lormont-Lormont_Bordeaux_Gironde_Nouvelle_Aquitaine.html,KYRIAD
CAMPANILE LYON CENTRE - Berges du Rhône,https://www.tripadvisor.fr/Hotel_Review-g187265-d232353-Reviews-Campanile_Lyon_Centre_Berges_Du_Rhone-Lyon_Rhone_Auvergne_Rhone_Alpes.html,CAMPANILE
KYRIAD STRASBOURG SUD - Lingolsheim,https://www.tripadvisor.fr/Hotel_Review-g651694-d272404-Reviews-Kyriad_Strasbourg_Sud_Lingolsheim-Lingolsheim_Strasbourg_Bas_Rhin_Grand_Est.html,KYRIAD
PREMIERE CLASSE COIGNIERES,https://www.tripadvisor.fr/Hotel_Review-g660198-d952490-Reviews-Hotel_Premiere_Classe_Coignieres-Coignieres_Yvelines_Ile_de_France.html,PREMIERE CLASSE
PREMIERE CLASSE AGEN,https://www.tripadvisor.fr/Hotel_Review-g196503-d644520-Reviews-Premiere_Classe_Agen-Agen_Lot_et_Garonne_Nouvelle_Aquitaine.html,PREMIERE CLASSE
PREMIERE CLASSE ANNECY NORD - Epagny,https://www.tripadvisor.fr/Hotel_Review-g5510194-d3313811-Reviews-Premiere_Classe_Annecy_Nord_Epagny-Epagny_Haute_Savoie_Auvergne_Rhone_Alpes.html,PREMIERE CLASSE
KYRIAD SAINT QUENTIN EN YVELINES - Montigny,https://www.tripadvisor.fr/Hotel_Review-g229456-d483509-Reviews-Kyriad_Saint_Quentin_En_Yvelines_Montigny-Montigny_le_Bretonneux_Saint_Quentin_en_Yveli.html,KYRIAD
PREMIERE CLASSE PAMIERS,https://www.tripadvisor.fr/Hotel_Review-g644113-d627358-Reviews-Premiere_Classe_Pamiers-Pamiers_Ariege_Occitanie.html,PREMIERE CLASSE
CAMPANILE LA ROCHELLE NORD - Puilboreau,https://www.tripadvisor.fr/Hotel_Review-g656509-d277503-Reviews-Campanile_La_Rochelle_Nord_Puilboreau-Puilboreau_Charente_Maritime_Nouvelle_Aquitaine.html,CAMPANILE
CAMPANILE STRASBOURG - Lingolsheim,https://www.tripadvisor.fr/Hotel_Review-g651694-d488419-Reviews-Hotel_Campanile_Strasbourg_Aeroport_Lingolsheim-Lingolsheim_Strasbourg_Bas_Rhin_Grand_E.html,CAMPANILE
PREMIERE CLASSE MONTPELLIER OUEST - Saint Jean de Védas,https://www.tripadvisor.fr/Hotel_Review-g661725-d1017036-Reviews-Premiere_Classe_Montpellier_Ouest_St_Jean_De_Vedas-Saint_Jean_de_Vedas_Herault_Occitan.html,PREMIERE CLASSE
CAMPANILE BAYONNE,https://www.tripadvisor.fr/Hotel_Review-g187077-d627140-Reviews-Campanile_Bayonne-Bayonne_Basque_Country_Pyrenees_Atlantiques_Nouvelle_Aquitaine.html,CAMPANILE
PREMIERE CLASSE STRASBOURG OUEST,https://www.tripadvisor.fr/Hotel_Review-g187075-d232380-Reviews-Premiere_Classe_Strasbourg_Ouest-Strasbourg_Bas_Rhin_Grand_Est.html,PREMIERE CLASSE
CAMPANILE NANTES EST - Saint Sébastien sur Loire,https://www.tripadvisor.fr/Hotel_Review-g608800-d565381-Reviews-Hotel_Campanile_Nantes_Est_Saint_Sebastien_Sur_Loire-Saint_Sebastien_sur_Loire_Loire_At.html,CAMPANILE
CAMPANILE VIERZON,https://www.tripadvisor.fr/Hotel_Review-g196550-d287074-Reviews-Campanile_Vierzon-Vierzon_Cher_Berry_Centre_Val_de_Loire.html,CAMPANILE
CAMPANILE BEZIERS,https://www.tripadvisor.fr/Hotel_Review-g425052-d507360-Reviews-Campanile_Beziers-Villeneuve_les_Beziers_Beziers_Herault_Occitanie.html,CAMPANILE
KYRIAD TARBES - Bastillac,https://www.tripadvisor.fr/Hotel_Review-g196630-d312924-Reviews-Hotel_Kyriad_Tarbes_Bastillac-Tarbes_Hautes_Pyrenees_Occitanie.html,KYRIAD
KYRIAD CLERMONT FERRAND NORD - Riom,https://www.tripadvisor.fr/Hotel_Review-g651701-d1371009-Reviews-Kyriad_Clermont_Ferrand_Nord_Riom-Riom_Puy_de_Dome_Auvergne_Rhone_Alpes.html,KYRIAD
PREMIERE CLASSE VILLEJUST - ZA COURTABOEUF,https://www.tripadvisor.fr/Hotel_Review-g503709-d488660-Reviews-Premiere_Classe_Villejust_Za_Courtaboeuf-Villejust_Essonne_Ile_de_France.html,PREMIERE CLASSE
PREMIERE CLASSE MAUBEUGE - Feignies,https://www.tripadvisor.fr/Hotel_Review-g1957344-d1961540-Reviews-Premiere_Classe_Maubeuge_Feignies-Feignies_Nord_Hauts_de_France.html,PREMIERE CLASSE
CAMPANILE CLERMONT FERRAND - Le Brézet,https://www.tripadvisor.fr/Hotel_Review-g187091-d507198-Reviews-Hotel_Campanile_Clermont_Ferrand_Le_Brezet-Clermont_Ferrand_Puy_de_Dome_Auvergne_Rhone_.html,CAMPANILE
CAMPANILE PARIS EST - Pantin,https://www.tripadvisor.fr/Hotel_Review-g196584-d287162-Reviews-Hotel_Campanile_Pantin-Pantin_Seine_Saint_Denis_Ile_de_France.html,CAMPANILE
PREMIERE CLASSE MARSEILLE EST - La Valentine,https://www.tripadvisor.fr/Hotel_Review-g187253-d644521-Reviews-Premiere_Classe_Marseille_Est_La_Valentine-Marseille_Bouches_du_Rhone_Provence_Alpes_Co.html,PREMIERE CLASSE
KYRIAD VILLEFRANCHE SUR SAONE,https://www.tripadvisor.fr/Hotel_Review-g187274-d233437-Reviews-Kyriad_Villefranche_Sur_Saone-Villefranche_sur_Saone_Rhone_Auvergne_Rhone_Alpes.html,KYRIAD
CAMPANILE BEAUVAIS,https://www.tripadvisor.fr/Hotel_Review-g196658-d313299-Reviews-Campanile_Beauvais-Beauvais_Oise_Hauts_de_France.html,CAMPANILE
CAMPANILE DEAUVILLE - Saint Arnoult,https://www.tripadvisor.fr/Hotel_Review-g1158643-d530354-Reviews-Campanile_Deauville_Saint_Arnoult-Saint_Arnoult_Deauville_Calvados_Basse_Normandie_Nor.html,CAMPANILE
CAMPANILE ROISSY,https://www.tripadvisor.fr/Hotel_Review-g196587-d239215-Reviews-Campanile_Roissy_Hotel-Roissy_en_France_Val_d_Oise_Ile_de_France.html,CAMPANILE
PREMIERE CLASSE LE BLANC MESNIL,https://www.tripadvisor.fr/Hotel_Review-g196571-d644471-Reviews-Premiere_Classe_Le_Blanc_Mesnil-Le_Blanc_Mesnil_Seine_Saint_Denis_Ile_de_France.html,PREMIERE CLASSE
CAMPANILE CAEN EST - Mondeville,https://www.tripadvisor.fr/Hotel_Review-g651738-d534830-Reviews-Campanile_Caen_Est_Mondeville-Mondeville_Calvados_Basse_Normandie_Normandy.html,CAMPANILE
PREMIERE CLASSE ORLY RUNGIS,https://www.tripadvisor.fr/Hotel_Review-g196588-d291545-Reviews-Premiere_Classe_Orly_Rungis-Rungis_Val_de_Marne_Ile_de_France.html,PREMIERE CLASSE
CAMPANILE SAINT JEAN DE LUZ,https://www.tripadvisor.fr/Hotel_Review-g187089-d15179683-Reviews-Campanile_Saint_Jean_De_Luz-Saint_Jean_de_Luz_Basque_Country_Pyrenees_Atlantiques_Nou.html,CAMPANILE
CAMPANILE SAINT QUENTIN EN YVELINES,https://www.tripadvisor.fr/Hotel_Review-g196591-d287167-Reviews-Campanile_Saint_Quentin_En_Yvelines-Saint_Quentin_en_Yvelines_Yvelines_Ile_de_France.html,CAMPANILE
CAMPANILE DOLE,https://www.tripadvisor.fr/Hotel_Review-g196553-d287143-Reviews-Campanile_Dole-Dole_Jura_Bourgogne_Franche_Comte.html,CAMPANILE
KYRIAD DIRECT LILLE NORD - Roubaix,https://www.tripadvisor.fr/Hotel_Review-g196637-d287198-Reviews-Kyriad_Direct_Lille_Nord_Roubaix-Roubaix_Nord_Hauts_de_France.html,KYRIAD DIRECT
CAMPANILE LILLE - Euralille,https://www.tripadvisor.fr/Hotel_Review-g950935-d4498818-Reviews-Campanile_Lille_Euralille-La_Madeleine_Lille_Nord_Hauts_de_France.html,CAMPANILE
CAMPANILE LYON CENTRE - Gare Part Dieu,https://www.tripadvisor.fr/Hotel_Review-g187265-d253267-Reviews-Campanile_Lyon_Centre_Gare_Part_Dieu-Lyon_Rhone_Auvergne_Rhone_Alpes.html,CAMPANILE
PREMIERE CLASSE BORDEAUX NORD - Lac,https://www.tripadvisor.fr/Hotel_Review-g187079-d482518-Reviews-Premiere_Classe_Bordeaux_Nord_Lac_Hotel-Bordeaux_Gironde_Nouvelle_Aquitaine.html,PREMIERE CLASSE
KYRIAD MARNE LA VALLEE  - TORCY,https://www.tripadvisor.fr/Hotel_Review-g651715-d565821-Reviews-Kyriad_Marne_La_Vallee_Torcy-Torcy_Marne_la_Vallee_Seine_et_Marne_Ile_de_France.html,KYRIAD
CAMPANILE VAL DE FRANCE,https://www.tripadvisor.fr/Hotel_Review-g664935-d487413-Reviews-Hotel_Campanile_Val_de_France-Magny_le_Hongre_Marne_la_Vallee_Seine_et_Marne_Ile_de_Fra.html,CAMPANILE
CAMPANILE CHARLEVILLE MEZIERES,https://www.tripadvisor.fr/Hotel_Review-g661459-d565363-Reviews-Campanile_Charleville_Mezieres-Charleville_Mezieres_Ardennes_Grand_Est.html,CAMPANILE
KYRIAD DIRECT STRASBOURG OUEST - Zénith,https://www.tripadvisor.fr/Hotel_Review-g187075-d21144383-Reviews-Kyriad_Direct_Strasbourg_Ouest_Zenith-Strasbourg_Bas_Rhin_Grand_Est.html,KYRIAD DIRECT
PREMIERE CLASSE COULOMMIERS - MOUROUX,https://www.tripadvisor.fr/Hotel_Review-g1055978-d488667-Reviews-Premiere_Classe_Coulommiers_Mouroux-Mouroux_Seine_et_Marne_Ile_de_France.html,PREMIERE CLASSE
KYRIAD CHANTILLY,https://www.tripadvisor.fr/Hotel_Review-g641875-d482399-Reviews-Hotel_Kyriad_Chantilly-Gouvieux_Chantilly_Oise_Hauts_de_France.html,KYRIAD
PREMIERE CLASSE AVIGNON NORD - LE PONTET,https://www.tripadvisor.fr/Hotel_Review-g207355-d651291-Reviews-Premiere_Classe_Avignon_Nord_Le_Pontet-Le_Pontet_Avignon_Vaucluse_Provence_Alpes_Cote_d.html,PREMIERE CLASSE
PREMIERE CLASSE NANCY EST - ESSEY,https://www.tripadvisor.fr/Hotel_Review-g661258-d488887-Reviews-Premiere_Classe_Nancy_Est_Essey-Essey_les_Nancy_Meurthe_et_Moselle_Grand_Est.html,PREMIERE CLASSE
PREMIERE CLASSE LILLE SUD - HENIN BEAUMONT - NOYELLES GODAULT,https://www.tripadvisor.fr/Hotel_Review-g651732-d488866-Reviews-Premiere_Classe_Lille_Sud_Henin_Beaumont-Noyelles_Godault_Pas_de_Calais_Hauts_de_France.html,PREMIERE CLASSE
